p,Lambda,d_max,N_data,Nmax_B0,Nmax_A,Nmax_B,Nmax_C
0.002,4.772388055923274,11,35499.11207150795,9.065730141454136,9065.730141454134,nan,nan
0.002,4.772388055923274,13,169415.53844594615,46.91768393324738,46917.68393324738,nan,nan
0.002,4.772388055923274,15,808516.6921672443,215.51362437794054,215513.62437794055,640.7410036257901,640741.0036257901
0.006519522260998459,1.5285714285714287,11,38.32811101020436,0.007776319495961025,7.776319495961025,nan,nan
0.006519522260998459,1.5285714285714287,13,58.58725540131237,0.010647309236981588,10.647309236981588,nan,nan
0.006519522260998459,1.5285714285714287,15,89.55480468486323,0.012647490848934078,12.647490848934078,nan,nan
0.00781278198796588,1.284,11,13.464589953444303,0.004189157643469115,4.189157643469114,nan,nan
0.00781278198796588,1.284,13,17.28853350022248,0.004609605753786805,4.609605753786805,nan,nan
0.00781278198796588,1.284,15,22.198477014285665,0.005020055682586597,5.020055682586597,nan,nan
0.010846685801895291,0.936,11,2.6324170022362656,0.0016351863119652514,1.6351863119652514,nan,nan
0.010846685801895291,0.936,13,2.6324170022362656,0.0016351863119652514,1.6351863119652514,nan,nan
0.010846685801895291,0.936,15,2.6324170022362656,0.0016351863119652514,1.6351863119652514,nan,nan
