p,d_max,f_T,Nmax_B0,d_B0,src_B0,Nmax_A,d_A,src_A,Nmax_B,d_B,src_B,Nmax_C,d_C,src_C,epsfloor_dist,tmax_dist,epsfloor_cult,tmax_cult,ratio_C_over_A,ratio_tmax
0.001,7,0.1,66.50729028254062,7,"15to1_7,3,3_minerr",76569.3475900029,7,"15to1_7,3,3_minerr",109.22026440738136,7,cult_d1=3_d2=7_att4.5,125744.47633865224,7,cult_d1=3_d2=7_att4.5,6.254158817808886e-05,18408.431573862283,3.7402329826746175e-06,307813.0565208108,1.6422299561955491,16.7213081291438
0.001,7,0.3,36.30520049607663,7,"15to1_7,3,3_minerr",41797.90673021304,7,"15to1_7,3,3_minerr",100.97076630124492,7,cult_d1=3_d2=7_att4.5,116246.89065671604,7,cult_d1=3_d2=7_att4.5,6.254158817808886e-05,18408.431573862283,3.7402329826746175e-06,307813.0565208108,2.781165368089799,16.7213081291438
0.001,7,1.0,14.020648914624282,7,"15to1_7,3,3_minerr",16141.868592458512,7,"15to1_7,3,3_minerr",79.85932119631622,7,cult_d1=3_d2=7_att4.5,91941.44126163058,7,cult_d1=3_d2=7_att4.5,6.254158817808886e-05,18408.431573862283,3.7402329826746175e-06,307813.0565208108,5.695836311329264,16.7213081291438
0.001,9,0.1,675.882360044702,9,"15to1_9,5,5_minerr",778138.3234282826,9,"15to1_9,5,5_minerr",932.4124047147698,9,cult_d1=3_d2=9_att4.4,1073479.45180948,9,cult_d1=3_d2=9_att4.4,6.90595477537137e-06,166710.11959169857,2.8353486459881147e-06,406049.7280029558,1.3795483649744924,2.435663347836596
0.001,9,0.3,349.56010300058233,9,"15to1_9,5,5_minerr",402445.9411373021,9,"15to1_9,5,5_minerr",609.9210242004211,9,cult_d1=3_d2=9_att4.4,702197.5291137752,9,cult_d1=3_d2=9_att4.4,6.90595477537137e-06,166710.11959169857,2.8353486459881147e-06,406049.7280029558,1.7448244778649842,2.435663347836596
0.001,9,1.0,129.95609135484406,9,"15to1_9,5,5_minerr",149617.47934871816,9,"15to1_9,5,5_minerr",275.91530460092054,9,cult_d1=3_d2=9_att4.4,317659.23365149554,9,cult_d1=3_d2=9_att4.4,6.90595477537137e-06,166710.11959169857,2.8353486459881147e-06,406049.7280029558,2.123142530099155,2.435663347836596
0.001,11,0.1,8132.515570246296,11,"15to1_11,5,5_minerr",9362904.560295546,11,"15to1_11,5,5_minerr",14092.852782124402,11,cult_d1=5_att197,16224996.366939658,11,cult_d1=5_att197,5.208408092594041e-07,2210449.9609661405,7.885200415876903e-10,1460067576.9494555,1.732902035095347,660.5295766619802
0.001,11,0.3,4402.738868219253,11,"15to1_11,5,5_minerr",5068840.443153564,11,"15to1_11,5,5_minerr",14061.600882987443,11,cult_d1=5_att197,16189016.2883994,11,cult_d1=5_att197,5.208408092594041e-07,2210449.9609661405,7.885200415876903e-10,1460067576.9494555,3.1938303187794665,660.5295766619802
0.001,11,1.0,1689.9887614256984,11,"15to1_11,5,5_minerr",1945671.464693142,11,"15to1_11,5,5_minerr",13953.30235634184,11,cult_d1=5_att197,16064333.001875706,11,cult_d1=5_att197,5.208408092594041e-07,2210449.9609661405,7.885200415876903e-10,1460067576.9494555,8.256446832563926,660.5295766619802
0.001,13,0.1,17108.10455395155,13,"15to1_11,5,5_minerr",19696433.257656198,13,"15to1_11,5,5_minerr",155120.52944336046,13,cult_d1=5_att197,178589109.35681286,13,cult_d1=5_att197,5.208408092594041e-07,2210449.9609661405,7.885200415876903e-10,1460067576.9494555,9.067078644169928,660.5295766619802
0.001,13,0.3,6149.305478650363,13,"15to1_11,5,5_minerr",7079649.56370347,13,"15to1_11,5,5_minerr",151416.41022704958,13,cult_d1=5_att197,174324584.5117378,13,cult_d1=5_att197,5.208408092594041e-07,2210449.9609661405,7.885200415876903e-10,1460067576.9494555,24.623335229116343,660.5295766619802
0.001,13,1.0,1896.782566027914,13,"15to1_11,5,5_minerr",2183751.630593435,13,"15to1_11,5,5_minerr",139737.63969888163,13,cult_d1=5_att197,160878903.0504089,13,cult_d1=5_att197,5.208408092594041e-07,2210449.9609661405,7.885200415876903e-10,1460067576.9494555,73.6708794152978,660.5295766619802
0.001,15,0.1,452548.2121188921,15,"15to1_15,7,7_minerr",521015383.5430342,15,"15to1_15,7,7_minerr",1536268.8448812354,15,cult_d1=5_att197,1768694870.5273576,15,cult_d1=5_att197,1.6376335842949175e-08,70302206.64366208,7.885200415876903e-10,1460067576.9494555,3.394707577537908,20.768445923042506
0.001,15,0.3,182316.18730063233,15,"15to1_15,7,7_minerr",209899267.5449732,15,"15to1_15,7,7_minerr",1236656.868718498,15,cult_d1=5_att197,1423753835.5299542,15,cult_d1=5_att197,1.6376335842949175e-08,70302206.64366208,7.885200415876903e-10,1460067576.9494555,6.783033843721725,20.768445923042506
0.001,15,1.0,59002.579423380055,15,"15to1_15,7,7_minerr",67929229.91423607,15,"15to1_15,7,7_minerr",734972.1497365357,15,cult_d1=5_att197,846167957.8745675,15,cult_d1=5_att197,1.6376335842949175e-08,70302206.64366208,7.885200415876903e-10,1460067576.9494555,12.45661048922379,20.768445923042506
0.0005,7,0.1,1013.6383076229549,7,"15to1_7,3,3_minerr",1166994.2284101646,7,"15to1_7,3,3_minerr",1575.8315996669335,7,cult_d1=3_d2=7_att2.2,1814243.175231021,7,cult_d1=3_d2=7_att2.2,3.872870496746117e-06,297271.1190483411,3.5327430374860246e-07,3258919.582547128,1.5546290898992923,10.962785732364317
0.0005,7,0.3,567.8207059833162,7,"15to1_7,3,3_minerr",653727.7465452694,7,"15to1_7,3,3_minerr",1417.9561336930847,7,cult_d1=3_d2=7_att2.2,1632482.3279805845,7,cult_d1=3_d2=7_att2.2,3.872870496746117e-06,297271.1190483411,3.5327430374860246e-07,3258919.582547128,2.4971899029950966,10.962785732364317
0.0005,7,1.0,223.60716348840197,7,"15to1_7,3,3_minerr",257437.26066753844,7,"15to1_7,3,3_minerr",1049.8330034758317,7,cult_d1=3_d2=7_att2.2,1208664.911968308,7,cult_d1=3_d2=7_att2.2,3.872870496746117e-06,297271.1190483411,3.5327430374860246e-07,3258919.582547128,4.694988242316683,10.962785732364317
0.0005,9,0.1,19358.899551485207,9,"15to1_9,5,5_minerr",22287756.76200948,9,"15to1_9,5,5_minerr",18769.8049028462,9,cult_d1=3_d2=9_att2.0,21609536.48385011,9,cult_d1=3_d2=9_att2.0,2.41395711197967e-07,4769316.491927464,2.576080119888057e-07,4469164.361809726,0.9695698277129698,0.9370660071258062
0.0005,9,0.3,10006.507132667872,9,"15to1_9,5,5_minerr",11520417.078309817,9,"15to1_9,5,5_minerr",9542.106629065278,9,cult_d1=3_d2=9_att2.0,10985756.239922687,9,cult_d1=3_d2=9_att2.0,2.41395711197967e-07,4769316.491927464,2.576080119888057e-07,4469164.361809726,0.9535901491454013,0.9370660071258062
0.0005,9,1.0,3718.6890727159034,9,"15to1_9,5,5_minerr",4281299.012157746,9,"15to1_9,5,5_minerr",3507.2426536676317,9,cult_d1=3_d2=9_att2.0,4037862.325923984,9,cult_d1=3_d2=9_att2.0,2.41395711197967e-07,4769316.491927464,2.576080119888057e-07,4469164.361809726,0.943139527152281,0.9370660071258062
0.0005,11,0.1,431466.16621585394,11,"15to1_11,5,5_minerr",496743781.22995824,11,"15to1_11,5,5_minerr",788771.1790740252,11,cult_d1=5_att12,908106379.3595939,11,cult_d1=5_att12,1.0542092532261904e-08,109209110.33305097,4.325222592210133e-11,26618110905.333252,1.8281182647341547,243.7352600360628
0.0005,11,0.3,225932.67242397394,11,"15to1_11,5,5_minerr",260114601.77187467,11,"15to1_11,5,5_minerr",783425.6917778914,11,cult_d1=5_att12,901952159.6781603,11,cult_d1=5_att12,1.0542092532261904e-08,109209110.33305097,4.325222592210133e-11,26618110905.333252,3.4675183689579607,243.7352600360628
0.0005,11,1.0,84705.83531953534,11,"15to1_11,5,5_minerr",97521196.8481853,11,"15to1_11,5,5_minerr",765273.8300492713,11,cult_d1=5_att12,881054056.5649555,11,cult_d1=5_att12,1.0542092532261904e-08,109209110.33305097,4.325222592210133e-11,26618110905.333252,9.034487732308326,243.7352600360628
0.0005,13,0.1,899099.2664073949,13,"15to1_11,5,5_minerr",1035126283.9757749,13,"15to1_11,5,5_minerr",16041010.757048752,13,cult_d1=5_att12,18467896122.868797,13,cult_d1=5_att12,1.0542092532261904e-08,109209110.33305097,4.325222592210133e-11,26618110905.333252,17.84120102905338,243.7352600360628
0.0005,13,0.3,310497.02749620134,13,"15to1_11,5,5_minerr",357472913.46585774,13,"15to1_11,5,5_minerr",14086360.791326726,13,cult_d1=5_att12,16217522186.322365,13,cult_d1=5_att12,1.0542092532261904e-08,109209110.33305097,4.325222592210133e-11,26618110905.333252,45.3671357336877,243.7352600360628
0.0005,13,1.0,94338.6657184467,13,"15to1_11,5,5_minerr",108611402.6881219,13,"15to1_11,5,5_minerr",9874864.275587171,13,cult_d1=5_att12,11368857638.153234,13,cult_d1=5_att12,1.0542092532261904e-08,109209110.33305097,4.325222592210133e-11,26618110905.333252,104.67462307616961,243.7352600360628
0.0005,15,0.1,7268007.551404298,15,"15to1_15,7,7_minerr",8367602921.815847,15,"15to1_15,7,7_minerr",143079762.9765968,15,cult_d1=5_att12,164726664669.5166,15,cult_d1=5_att12,1.3492540418269527e-09,853280783.904949,4.325222592210133e-11,26618110905.333252,19.686243026667114,31.19501974897207
0.0005,15,0.3,2454348.513013506,15,"15to1_15,7,7_minerr",2825673149.538501,15,"15to1_15,7,7_minerr",63940443.22721052,15,cult_d1=5_att12,73614155707.20352,15,cult_d1=5_att12,1.3492540418269527e-09,853280783.904949,4.325222592210133e-11,26618110905.333252,26.051900489349396,31.19501974897207
0.0005,15,1.0,739689.872750982,15,"15to1_15,7,7_minerr",851599437.2175369,15,"15to1_15,7,7_minerr",21778847.516901337,15,cult_d1=5_att12,25073824817.503704,15,cult_d1=5_att12,1.3492540418269527e-09,853280783.904949,4.325222592210133e-11,26618110905.333252,29.44321440538801,31.19501974897207
